City_ID,City,Country,Lat,Lng,Max Temp,Humidity,Cloudiness,Wind Speed,Current Description
0,Hermanus,ZA,-34.4187,19.2345,57.79,76,100,13.44,overcast clouds
1,Port Alfred,ZA,-33.5906,26.891,62.44,82,89,6.44,overcast clouds
2,Kapaa,US,22.0752,-159.319,82.38,72,20,16.11,few clouds
3,Jamestown,US,42.097,-79.2353,77.05,44,0,11.5,clear sky
4,Bethel,US,41.3712,-73.414,88.81,44,0,8.05,clear sky
5,Ushuaia,AR,-54.8,-68.3,38.82,87,75,4.61,broken clouds
6,Krasnoye,UA,49.9145,24.6134,58.35,87,33,4.94,scattered clouds
7,Barrow,US,71.2906,-156.7887,44.62,93,100,21.85,mist
8,Talnakh,RU,69.4865,88.3972,45.21,69,93,3.87,overcast clouds
9,Cuamba,MZ,-14.8031,36.5372,69.12,43,51,2.75,broken clouds
10,Ponta Do Sol,PT,32.6667,-17.1,72.72,73,61,3.22,broken clouds
11,Pacific Grove,US,36.6177,-121.9166,84.38,73,0,13.8,clear sky
12,Mataura,NZ,-46.1927,168.8643,32.58,84,20,2.68,few clouds
13,Port Hardy,CA,50.6996,-127.4199,62.78,94,75,4.61,broken clouds
14,Coihaique,CL,-45.5752,-72.0662,48.15,61,75,4.61,broken clouds
15,Atuona,PF,-9.8,-139.0333,77.18,68,40,25.52,scattered clouds
16,Hithadhoo,MV,-0.6,73.0833,81.57,75,5,6.98,moderate rain
17,Ilulissat,GL,69.2167,-51.1,36.97,94,100,1.41,overcast clouds
18,Nikolskoye,RU,59.7035,30.7861,66.09,71,100,6.46,overcast clouds
19,Kutum,SD,14.2,24.6667,75.76,62,88,5.82,overcast clouds
20,Cape Town,ZA,-33.9258,18.4232,59.88,75,75,14.97,broken clouds
21,Sorsk,RU,54.0033,90.2467,56.03,86,94,4.92,overcast clouds
22,Nouadhibou,MR,20.931,-17.0347,73.38,78,4,23.02,clear sky
23,Itapage,BR,-3.6867,-39.5861,76.98,62,87,7.4,overcast clouds
24,Aloleng,PH,16.1307,119.7824,80.1,81,100,2.62,overcast clouds
25,Rikitea,PF,-23.1203,-134.9692,73.02,71,69,21.72,broken clouds
26,Rio Gallegos,AR,-51.6226,-69.2181,41.05,70,40,8.05,scattered clouds
27,Khatanga,RU,71.9667,102.5,44.64,67,100,6.53,overcast clouds
28,Tasiilaq,GL,65.6145,-37.6368,35.76,84,26,2.1,scattered clouds
29,Busselton,AU,-33.65,115.3333,49.33,89,2,10.71,clear sky
30,Butaritari,KI,3.0707,172.7902,81.97,74,99,12.95,overcast clouds
31,Bluff,NZ,-46.6,168.3333,39.52,83,99,10.2,overcast clouds
32,Murgab,TM,37.4966,61.9714,75.07,43,0,6.91,clear sky
33,Kaputa,ZM,-8.4689,29.6619,71.06,46,9,1.19,clear sky
34,Sao Filipe,CV,14.8961,-24.4956,78.57,78,17,13.56,few clouds
35,Bengkulu,ID,-3.8004,102.2655,76.12,91,43,3.6,scattered clouds
36,Areka,ET,7.0667,37.7,60.12,95,100,1.19,light rain
37,Punta Arenas,CL,-53.15,-70.9167,39.31,65,40,11.5,scattered clouds
38,Fare,PF,-16.7,-151.0167,78.3,75,0,14.56,clear sky
39,Yulara,AU,-25.2406,130.9889,44.8,50,0,8.19,clear sky
40,Anadyr,RU,64.75,177.4833,57.7,82,75,6.71,broken clouds
41,Maindargi,IN,17.4667,76.3,73.96,84,73,13.91,broken clouds
42,Puerto Ayora,EC,-0.7393,-90.3518,78.76,96,100,8.99,overcast clouds
43,Tuktoyaktuk,CA,69.4541,-133.0374,53.6,82,75,17.27,broken clouds
44,Albany,US,42.6001,-73.9662,83.44,51,94,1.01,overcast clouds
45,Leningradskiy,RU,69.3833,178.4167,48.96,77,98,2.1,overcast clouds
46,Balkanabat,TM,39.5108,54.3671,85.77,20,0,11.59,clear sky
47,Sinnar,SD,13.5691,33.5672,74.48,85,95,11.16,overcast clouds
48,Dikson,RU,73.5069,80.5464,44.35,95,100,20.67,overcast clouds
49,Thompson,CA,55.7435,-97.8558,78.96,47,40,12.66,scattered clouds
50,Salobrena,ES,36.7428,-3.5872,90.46,76,18,4.03,few clouds
51,Carnarvon,AU,-24.8667,113.6333,59.29,34,0,15.28,clear sky
52,Hilo,US,19.7297,-155.09,90.28,83,100,3.44,overcast clouds
53,Kudahuvadhoo,MV,2.6708,72.8944,80.96,78,24,6.96,few clouds
54,Guerrero Negro,MX,27.9769,-114.0611,83.07,46,1,15.73,clear sky
55,Naze,JP,28.3667,129.4833,79.72,82,100,5.77,overcast clouds
56,Severo-Kurilsk,RU,50.6789,156.125,56.05,96,96,12.71,overcast clouds
57,Talara,PE,-4.5772,-81.2719,74.16,64,0,14.97,clear sky
58,Kodiak,US,57.79,-152.4072,54.91,94,100,8.05,mist
59,Lavrentiya,RU,65.5833,-171.0,44.04,90,79,6.04,broken clouds
60,San Cristobal,VE,7.7669,-72.225,89.78,49,77,7.58,broken clouds
61,Evensk,RU,61.95,159.2333,53.01,98,100,5.44,overcast clouds
62,Yellowknife,CA,62.456,-114.3525,64.92,36,20,13.8,few clouds
63,Ayr,GB,55.4627,-4.6339,66.31,72,0,2.3,clear sky
64,Lagoa,PT,39.05,-27.9833,73.74,82,98,13.47,light rain
65,Moussoro,TD,13.6408,16.4901,84.67,58,100,14.9,light rain
66,Bograd,RU,54.2344,90.8328,59.23,80,97,4.81,overcast clouds
67,Baruun-Urt,MN,46.6806,113.2792,60.3,58,100,9.64,overcast clouds
68,Hobart,AU,-42.8794,147.3294,43.05,91,0,4.61,clear sky
69,Pevek,RU,69.7008,170.3133,36.52,91,88,5.64,overcast clouds
70,Cidreira,BR,-30.1811,-50.2056,59.36,85,1,7.2,clear sky
71,Taoudenni,ML,22.6783,-3.9836,103.57,9,0,3.53,clear sky
72,Koungou,YT,-12.7336,45.2042,71.31,78,0,2.3,clear sky
73,Andrews,US,32.3187,-102.5457,93.27,32,40,8.05,scattered clouds
74,Vaini,TO,-21.2,-175.2,75.36,83,75,10.36,broken clouds
75,Chuy,UY,-33.6971,-53.4616,53.53,84,6,4.97,clear sky
76,Padang,ID,-0.9492,100.3543,78.8,88,81,2.13,broken clouds
77,Saint George,US,37.1041,-113.5841,96.44,34,0,4.0,clear sky
78,Salalah,OM,17.0151,54.0924,77.09,100,100,4.61,mist
79,Bose,IT,45.4612,8.0137,74.79,60,70,5.39,broken clouds
80,Castro,BR,-24.7911,-50.0119,50.41,68,0,4.61,clear sky
81,Matay,EG,28.419,30.7792,86.32,25,0,7.81,clear sky
82,Payo,ID,-3.7508,103.6372,73.8,91,76,1.88,broken clouds
83,Torbay,CA,47.6666,-52.7314,61.29,88,100,8.05,light intensity drizzle
84,Bredasdorp,ZA,-34.5322,20.0403,53.94,82,100,5.95,overcast clouds
85,Ribeira Grande,PT,38.5167,-28.7,77.4,73,20,12.66,few clouds
86,Juba,SS,4.8517,31.5825,69.26,95,100,0.81,light rain
87,La Ronge,CA,55.1001,-105.2842,84.42,45,20,6.91,few clouds
88,Sioux Lookout,CA,50.1001,-91.917,71.67,40,20,5.75,few clouds
89,Quatre Cocos,MU,-20.2078,57.7625,68.11,65,86,16.53,overcast clouds
90,Beringovskiy,RU,63.05,179.3167,53.1,83,100,14.05,overcast clouds
91,Dalgopol,BG,43.05,27.35,73.78,47,18,4.25,few clouds
92,Korla,CN,41.7597,86.1469,85.41,29,48,16.67,scattered clouds
93,Senekal,ZA,-28.3197,27.6208,53.47,27,0,1.99,clear sky
94,Xining,CN,36.6167,101.7667,65.75,86,81,1.21,broken clouds
95,Arraial Do Cabo,BR,-22.9661,-42.0278,67.96,94,100,23.02,mist
96,Bayburt,TR,40.2589,40.2278,59.77,91,4,1.19,clear sky
97,Pisco,PE,-13.7,-76.2167,62.65,77,20,9.22,few clouds
98,Bahia Honda,CU,22.9036,-83.1592,84.24,73,100,10.98,overcast clouds
99,Tual,ID,-5.6667,132.75,80.02,82,81,15.21,broken clouds
100,Isla Mujeres,MX,21.2311,-86.731,87.85,75,49,11.01,scattered clouds
101,Kampene,CD,-3.6,26.6667,74.68,35,81,1.52,broken clouds
102,Atambua,ID,-9.1061,124.8925,70.93,88,34,4.65,scattered clouds
103,Morro Bay,US,35.3658,-120.8499,98.73,40,28,10.0,scattered clouds
104,New Norfolk,AU,-42.7826,147.0587,42.71,83,97,1.05,overcast clouds
105,Klaksvik,FO,62.2266,-6.589,52.72,83,100,11.16,overcast clouds
106,Sao Joao Da Barra,BR,-21.6403,-41.0511,75.29,60,99,28.34,overcast clouds
107,Sur,OM,22.5667,59.5289,89.67,58,100,5.86,overcast clouds
108,Hrodna,BY,53.6884,23.8258,60.46,82,8,7.27,clear sky
109,Alekseyevsk,RU,57.8406,108.3492,57.65,72,95,3.38,overcast clouds
110,Cabo San Lucas,MX,22.8909,-109.9124,94.3,63,20,5.75,few clouds
111,Saint-Louis,SN,16.3333,-15.0,94.96,38,15,10.47,few clouds
112,Arman,RU,59.7,150.1667,57.02,91,98,1.28,overcast clouds
113,Kavaratti,IN,10.5669,72.642,80.96,83,26,20.67,scattered clouds
114,Tahta,EG,26.7693,31.5021,88.74,22,3,6.46,clear sky
115,Saint-Philippe,RE,-21.3585,55.7679,64.22,70,35,12.44,scattered clouds
116,Tabou,CI,4.423,-7.3528,76.44,78,100,9.51,overcast clouds
117,Chandbali,IN,20.7833,86.7667,77.18,91,100,3.0,overcast clouds
118,Grand Gaube,MU,-20.0064,57.6608,68.4,70,70,5.99,broken clouds
119,Mount Isa,AU,-20.7333,139.5,60.57,39,96,4.61,overcast clouds
120,Chokurdakh,RU,70.6333,147.9167,48.9,72,100,8.55,overcast clouds
121,Souillac,MU,-20.5167,57.5167,68.38,64,20,16.11,few clouds
122,Victoria,HK,22.2855,114.1577,81.32,93,100,8.01,overcast clouds
123,Qaanaaq,GL,77.484,-69.3632,39.07,72,96,6.2,overcast clouds
124,Dicabisagan,PH,17.0818,122.4157,77.43,88,98,4.03,overcast clouds
125,Sitka,US,57.0531,-135.33,62.49,77,75,4.61,broken clouds
126,Alofi,NU,-19.0595,-169.9187,78.69,78,40,10.36,scattered clouds
127,Abu Kamal,SY,34.4506,40.9171,90.43,25,0,9.93,clear sky
128,Aksu,CN,41.1231,80.2644,81.21,36,98,8.46,overcast clouds
129,Bambous Virieux,MU,-20.3428,57.7575,68.25,64,20,16.11,few clouds
130,Kruisfontein,ZA,-34.0033,24.7314,54.88,92,100,2.13,overcast clouds
131,Smithers,CA,54.7804,-127.1743,79.12,41,20,3.44,few clouds
132,College,US,64.8569,-147.8028,66.99,53,20,4.61,few clouds
133,Mehamn,NO,71.0357,27.8492,53.51,87,75,28.77,moderate rain
134,Shimoda,JP,34.6667,138.95,76.1,88,100,12.66,overcast clouds
135,Shellbrook,CA,53.2168,-106.4011,74.43,45,100,8.08,overcast clouds
136,Iqaluit,CA,63.7506,-68.5145,53.33,62,20,5.75,few clouds
137,San Francisco,US,37.7749,-122.4194,86.11,72,20,18.41,few clouds
138,Airai,TL,-8.9266,125.4092,56.7,93,55,3.38,broken clouds
139,Georgetown,MY,5.4112,100.3354,83.89,90,20,2.3,few clouds
140,Mangai,CD,-4.05,19.5333,77.88,23,88,2.71,overcast clouds
141,Qrendi,MT,35.8347,14.4583,78.12,83,20,4.61,few clouds
142,Faanui,PF,-16.4833,-151.75,78.22,75,12,14.47,light rain
143,Gizo,SB,-8.103,156.8419,81.0,77,95,6.46,light rain
144,Hay River,CA,60.8156,-115.7999,60.76,48,20,5.75,few clouds
145,Broome,US,42.2506,-75.833,85.17,41,20,9.22,few clouds
146,Mahebourg,MU,-20.4081,57.7,68.29,64,20,16.11,few clouds
147,Avarua,CK,-21.2078,-159.775,77.05,78,45,13.8,scattered clouds
148,Campo Maior,BR,-4.8278,-42.1686,86.92,31,40,3.38,scattered clouds
149,Vila Franca Do Campo,PT,37.7167,-25.4333,73.81,85,49,7.31,scattered clouds
150,Mar Del Plata,AR,-38.0023,-57.5575,60.82,55,0,13.8,clear sky
151,Kloulklubed,PW,7.0419,134.2556,75.7,71,100,3.65,light rain
152,Barreirinhas,BR,-2.7469,-42.8264,78.93,75,67,10.67,broken clouds
153,Dongsheng,CN,39.8161,109.9776,71.37,85,10,8.03,clear sky
154,Berlevag,NO,70.8578,29.0864,53.55,76,75,23.02,light rain
155,Quelimane,MZ,-17.8786,36.8883,67.86,85,0,4.29,clear sky
156,Zihuatanejo,MX,17.6333,-101.55,91.49,62,75,10.36,broken clouds
157,Lar,IN,26.2039,83.9717,82.15,76,2,13.24,clear sky
158,Corinto,GR,37.9407,22.9573,78.89,47,5,2.77,clear sky
159,Gijon,ES,43.5357,-5.6615,73.26,91,7,4.0,clear sky
160,Ucluelet,CA,48.9329,-125.5528,66.51,82,2,1.01,clear sky
161,Makakilo City,US,21.3469,-158.0858,84.52,59,75,18.41,broken clouds
162,Turayf,SA,31.6725,38.6637,84.45,42,0,11.5,clear sky
163,Ancud,CL,-41.8697,-73.8203,48.69,91,100,19.35,moderate rain
164,Petropavl,KZ,54.8753,69.1628,62.83,79,2,4.5,clear sky
165,Pangnirtung,CA,66.1451,-65.7125,50.0,71,20,6.91,few clouds
166,Calamar,CO,10.2511,-74.9146,90.91,58,99,8.93,overcast clouds
167,Najran,SA,17.4924,44.1277,88.45,37,92,5.57,overcast clouds
168,Rio Grande,BR,-32.035,-52.0986,66.31,83,0,7.78,clear sky
169,Comodoro Rivadavia,AR,-45.8667,-67.5,58.86,36,0,14.97,clear sky
170,Vincennes,FR,48.85,2.4333,82.69,35,0,5.75,clear sky
171,Port-Cartier,CA,50.0334,-66.8654,68.22,94,83,7.31,broken clouds
172,Gorom-Gorom,BF,14.4439,-0.2361,93.96,39,87,3.13,light rain
173,Ostrovnoy,RU,68.0531,39.5131,53.04,87,3,10.89,clear sky
174,Sydney,AU,-33.8679,151.2073,57.7,78,100,4.0,light rain
175,Kosonsoy,UZ,41.2561,71.5508,70.36,36,2,7.83,clear sky
176,Acu,BR,-5.5767,-36.9086,82.02,57,61,12.82,broken clouds
177,Maniitsoq,GL,65.4167,-52.9,43.88,83,99,8.95,overcast clouds
178,Barcani,RO,45.7,26.0833,59.97,73,0,2.01,clear sky
179,Doha,QA,25.2867,51.5333,97.11,68,0,2.3,clear sky
180,Osa,RU,57.2829,55.4567,52.66,89,25,3.91,scattered clouds
181,Kushmurun,KZ,52.4503,64.6311,71.55,50,40,5.88,scattered clouds
182,Porto Velho,BR,-8.7619,-63.9039,87.85,37,0,5.75,clear sky
183,Mount Gambier,AU,-37.8333,140.7667,46.31,100,100,6.91,moderate rain
184,Lompoc,US,34.6391,-120.4579,82.54,72,0,13.8,mist
185,Norman Wells,CA,65.282,-126.8329,66.24,39,40,8.05,scattered clouds
186,Cockburn Town,TC,21.4612,-71.1419,81.99,76,11,16.93,few clouds
187,Nome,US,64.5011,-165.4064,51.87,82,100,8.05,overcast clouds
188,Jega,NG,12.2175,4.3792,74.34,82,100,8.7,overcast clouds
189,Obihiro,JP,42.9172,143.2044,67.78,99,100,1.7,moderate rain
190,Upata,VE,8.0086,-62.3989,79.59,88,69,2.06,broken clouds
191,Baykit,RU,61.67,96.37,45.01,88,16,3.71,few clouds
192,Petropavlovsk-Kamchatskiy,RU,53.0452,158.6483,52.39,100,75,2.24,mist
193,Kotido,UG,2.9806,34.1331,66.13,88,100,2.75,moderate rain
194,Port Hedland,AU,-20.3167,118.5667,66.25,34,100,13.8,overcast clouds
195,Kinna,SE,57.5073,12.6946,64.33,82,5,3.6,clear sky
196,Shingu,JP,33.7333,135.9833,78.71,91,100,2.06,overcast clouds
197,Saint-Francois,FR,46.4154,3.9054,76.44,36,0,4.61,clear sky
198,Mayskiy,RU,47.6931,40.1025,80.01,30,99,9.31,overcast clouds
199,Coahuayana,MX,18.7333,-103.6833,87.6,68,99,7.63,overcast clouds
200,Port-Gentil,GA,-0.7193,8.7815,73.36,94,20,6.91,few clouds
201,Kailua,US,21.4022,-157.7394,85.98,76,75,12.66,light rain
202,Kavieng,PG,-2.5744,150.7967,80.91,79,95,12.86,light rain
203,Qaqortoq,GL,60.7167,-46.0333,45.61,89,32,2.95,scattered clouds
204,Kendari,ID,-3.945,122.4989,74.53,95,59,1.48,broken clouds
205,Shushtar,IR,32.0455,48.8567,107.53,13,42,3.98,scattered clouds
206,Bambanglipuro,ID,-7.95,110.2833,75.7,92,67,4.09,broken clouds
207,Nuuk,GL,64.1835,-51.7216,48.81,71,20,6.91,few clouds
208,Lumphat,KH,13.4878,106.9816,71.74,99,100,2.35,overcast clouds
209,Nanortalik,GL,60.1432,-45.2371,44.8,90,45,8.34,scattered clouds
210,Saskylakh,RU,71.9167,114.0833,43.18,71,100,6.53,overcast clouds
211,Yar-Sale,RU,66.8333,70.8333,56.95,80,100,13.51,overcast clouds
212,Antofagasta,CL,-23.65,-70.4,58.28,74,5,5.86,clear sky
213,Kysyl-Syr,RU,63.8986,122.7617,57.42,74,100,4.72,overcast clouds
214,East London,ZA,-33.0153,27.9116,64.06,82,97,5.3,overcast clouds
215,Hasan Abdal,PK,30.4333,72.7,85.91,59,94,10.47,overcast clouds
216,Bonham,US,33.5773,-96.1783,100.67,31,40,6.91,scattered clouds
217,Raga,SS,8.4596,25.678,70.77,95,100,3.96,light rain
218,Bonthe,SL,7.5264,-12.505,76.15,88,84,10.31,moderate rain
219,Cherskiy,RU,68.75,161.3,58.78,62,97,8.52,overcast clouds
220,Kifri,IQ,34.6959,44.9661,93.13,23,0,12.35,clear sky
221,Hirara,JP,24.8,125.2833,85.1,71,92,3.53,overcast clouds
222,Durban,ZA,-29.8579,31.0292,66.02,92,39,1.99,scattered clouds
223,Nuevo Progreso,MX,23.1667,-97.95,96.55,48,5,16.67,clear sky
224,Katsuura,JP,35.1333,140.3,80.94,85,60,19.51,broken clouds
225,Santa Rosa,PH,14.3122,121.1114,80.58,89,86,1.95,overcast clouds
226,Japura,ID,-0.3167,102.35,78.1,87,95,2.46,overcast clouds
227,Marataizes,BR,-21.0433,-40.8244,72.36,60,100,23.15,overcast clouds
228,Port Elizabeth,ZA,-33.918,25.5701,57.09,100,100,3.44,mist
229,Olafsvik,IS,64.8945,-23.7142,50.52,80,18,10.78,few clouds
230,Hambantota,LK,6.1241,81.1185,78.73,86,100,19.06,overcast clouds
231,Aleksandrovskiy Zavod,RU,50.9237,117.9374,57.63,69,100,2.75,overcast clouds
232,Vila,PT,42.0304,-8.1588,62.71,74,0,1.72,light rain
233,Gunnedah,AU,-30.9833,150.25,52.11,84,100,2.08,light rain
234,Mnogovershinnyy,RU,53.9353,139.9242,53.4,99,100,2.01,overcast clouds
235,Nantucket,US,41.2835,-70.0995,73.54,94,75,9.22,broken clouds
236,Akdepe,TM,42.0551,59.3788,75.29,37,0,9.69,clear sky
237,Baykalsk,RU,51.5058,104.1469,58.89,74,88,4.47,overcast clouds
238,Ziro,IN,27.6333,93.8333,60.75,96,83,1.25,broken clouds
239,Dubbo,AU,-32.25,148.6167,51.93,100,100,9.22,light rain
240,Kangasala,FI,61.4638,24.076,64.33,70,33,4.54,scattered clouds
241,Kiruna,SE,67.8557,20.2251,49.12,66,100,19.57,overcast clouds
242,Eenhana,NA,-17.4667,16.3333,63.09,14,36,6.4,scattered clouds
243,Bairiki,KI,1.3292,172.9752,82.4,83,20,8.05,few clouds
244,Mayor Pablo Lagerenza,PY,-19.9309,-60.7718,76.3,23,0,6.93,clear sky
245,Keningau,MY,5.3378,116.1602,71.6,98,80,1.43,broken clouds
246,Yumen,CN,40.2833,97.2,77.83,30,0,16.78,clear sky
247,Vila Velha,BR,-20.3297,-40.2925,75.15,77,0,13.8,clear sky
248,Hamilton,US,39.1834,-84.5333,86.22,59,40,8.05,scattered clouds
249,Hasaki,JP,35.7333,140.8333,79.29,83,19,24.92,few clouds
250,Lorengau,PG,-2.0226,147.2712,79.66,81,65,5.26,broken clouds
251,Geraldton,AU,-28.7667,114.6,48.61,81,0,12.66,clear sky
252,Provideniya,RU,64.3833,-173.3,48.36,100,100,4.47,fog
253,Taraz,KZ,42.9,71.3667,64.81,52,0,8.95,clear sky
254,Bilibino,RU,68.0546,166.4372,62.01,66,100,5.14,overcast clouds
255,Newport,GB,51.5877,-2.9984,78.69,55,1,8.3,clear sky
256,Luwuk,ID,-0.9516,122.7875,77.34,88,99,1.48,overcast clouds
257,Clacton-On-Sea,GB,51.7897,1.156,72.36,77,0,4.0,clear sky
258,Severobaykalsk,RU,55.65,109.3167,50.16,85,11,1.77,few clouds
259,Sorland,NO,67.667,12.6934,51.66,81,92,25.95,overcast clouds
260,Husavik,IS,66.0449,-17.3389,51.01,77,97,3.18,overcast clouds
261,Isangel,VU,-19.55,169.2667,71.96,58,5,14.34,clear sky
262,Raudeberg,NO,61.9875,5.1352,57.87,94,100,10.22,overcast clouds
263,Kamen-Rybolov,RU,44.7481,132.0403,63.09,83,43,6.38,scattered clouds
264,Khash,IR,28.2211,61.2158,74.86,19,4,4.0,clear sky
265,Haapiti,PF,-17.5667,-149.8667,82.13,73,0,14.83,clear sky
266,Komsomolskiy,UZ,40.4272,71.7189,75.92,41,24,4.61,few clouds
267,Upernavik,GL,72.7868,-56.1549,42.12,79,100,9.98,overcast clouds
268,Tura,IN,25.5198,90.2201,73.26,94,26,4.83,scattered clouds
269,Ossora,RU,59.2353,163.0719,58.44,83,17,4.56,few clouds
270,Qui Nhon,VN,13.7667,109.2333,78.28,79,95,3.44,overcast clouds
271,Ewa Beach,US,21.3156,-158.0072,85.95,59,40,18.41,scattered clouds
272,Ballina,AU,-28.8667,153.5667,53.78,99,100,5.3,overcast clouds
273,Esperance,AU,-33.8667,121.9,52.41,73,88,8.41,overcast clouds
274,Marquette,US,46.5333,-87.6335,70.77,54,0,7.72,clear sky
275,Yertsevo,RU,60.7966,40.086,60.3,66,100,9.08,overcast clouds
276,Aykhal,RU,66.0,111.5,44.96,96,100,19.42,light rain
277,Port Lincoln,AU,-34.7333,135.8667,53.46,80,89,17.05,overcast clouds
278,San Jose,US,37.3394,-121.895,88.09,51,20,13.8,few clouds
279,Fortuna,US,40.5982,-124.1573,70.66,78,75,9.22,broken clouds
280,Novita,CO,4.9551,-76.6053,79.02,91,96,3.0,overcast clouds
281,San Patricio,US,28.017,-97.5169,98.17,42,100,6.58,overcast clouds
282,Karaton,ID,-6.3424,106.1045,74.12,94,21,1.03,few clouds
283,Kidodi,TZ,-7.6036,37.0044,68.58,68,59,1.14,broken clouds
284,Barcelos,PT,41.5388,-8.6151,71.92,86,0,0.94,clear sky
285,Vorobyevka,RU,50.6451,40.9245,70.93,66,26,14.34,scattered clouds
286,Bandarbeyla,SO,9.4942,50.8122,76.21,81,100,28.16,overcast clouds
287,Kolvereid,NO,64.8655,11.6047,52.83,84,100,14.79,light rain
288,Tiznit,MA,29.5833,-9.5,72.9,65,10,1.25,clear sky
289,Oranjemund,NA,-28.55,16.4333,55.04,93,100,0.85,overcast clouds
290,Inongo,CD,-1.95,18.2667,74.86,49,100,5.61,overcast clouds
291,Colac,AU,-38.3333,143.5833,47.17,95,100,4.03,light rain
292,Araouane,ML,18.9048,-3.5265,100.62,25,1,4.94,clear sky
293,Vostochnyy,RU,55.8167,37.8667,67.98,61,5,3.27,clear sky
294,Payson,US,40.0444,-111.7321,91.09,60,77,13.04,broken clouds
295,Nyandoma,RU,61.669,40.1991,59.86,68,100,10.04,overcast clouds
296,Santa Barbara,US,34.7333,-120.0343,75.76,44,0,6.91,clear sky
297,Altay,CN,47.8667,88.1167,65.34,39,2,6.02,clear sky
298,Sisimiut,GL,66.9395,-53.6735,43.61,81,93,7.14,overcast clouds
299,Jiuquan,CN,39.7432,98.5174,79.92,51,0,3.22,clear sky
300,Constitucion,CL,-35.3333,-72.4167,53.49,69,0,7.18,clear sky
301,Tarbagatay,RU,51.4803,107.3602,52.48,86,8,5.41,clear sky
302,Tandalti,SD,13.0167,31.8667,76.17,81,79,10.92,broken clouds
303,Xiangxiang,CN,27.7333,112.5333,80.87,70,57,4.38,broken clouds
304,Kirakira,SB,-10.4544,161.9205,79.25,85,99,8.1,heavy intensity rain
305,Tiksi,RU,71.6872,128.8694,39.92,96,100,12.01,overcast clouds
306,Tautira,PF,-17.7333,-149.15,77.61,77,17,15.21,few clouds
307,Tucupita,VE,9.0622,-62.051,82.02,84,92,3.71,overcast clouds
308,Anloga,GH,5.7947,0.8973,74.3,88,99,11.81,overcast clouds
309,Ugep,NG,5.8086,8.0812,72.34,97,100,5.3,heavy intensity rain
310,Vardo,NO,70.3705,31.1107,55.38,76,75,14.97,light intensity shower rain
311,Los Llanos De Aridane,ES,28.6585,-17.9182,69.55,88,40,16.11,scattered clouds
312,Reading,GB,51.4562,-0.9711,77.38,47,0,4.61,clear sky
313,Sept-Iles,CA,50.2001,-66.3821,68.52,83,75,9.22,broken clouds
314,Lavras,BR,-21.2453,-44.9997,60.51,49,0,7.76,clear sky
315,Qingdao,CN,36.0986,120.3719,76.6,100,75,4.47,mist
316,Tokur,RU,53.1333,132.9,46.47,98,100,2.89,overcast clouds
317,Buraydah,SA,26.326,43.975,99.05,18,11,10.8,few clouds
318,Kuala Terengganu,MY,5.3302,103.1408,80.55,94,20,0.0,few clouds
319,Ponta Delgada,PT,37.7333,-25.6667,74.12,78,20,5.75,few clouds
320,Barkot,IN,30.8167,78.2,67.69,76,100,4.23,overcast clouds
321,Miri,MY,4.4148,114.0089,80.74,94,40,2.3,thunderstorm
322,Luderitz,NA,-26.6481,15.1594,56.48,84,60,8.19,broken clouds
323,Santa Maria Del Oro,MX,25.9333,-105.3667,79.52,39,83,10.63,broken clouds
324,Hofn,IS,64.2539,-15.2082,51.76,84,76,16.31,broken clouds
325,Pasaje,EC,-3.3333,-79.8167,78.51,65,87,7.52,overcast clouds
326,Koutsouras,GR,35.0339,25.9469,81.1,55,0,8.05,clear sky
327,Morant Bay,JM,17.8815,-76.4093,89.22,66,2,11.48,clear sky
328,Flinders,AU,-34.5833,150.8552,56.37,81,100,1.99,overcast clouds
329,Bardiyah,LY,31.7561,25.0865,77.68,71,0,12.21,clear sky
330,Bud,US,39.447,-86.1758,85.48,74,65,8.61,broken clouds
331,Nosy Varika,MG,-20.5833,48.5333,65.97,84,95,1.95,light rain
332,Havoysund,NO,70.9963,24.6622,52.03,93,100,37.16,light rain
333,Okhotsk,RU,59.3833,143.3,57.42,94,100,3.11,overcast clouds
334,Roald,NO,62.5833,6.1333,62.17,94,75,12.66,broken clouds
335,Torres,BR,-29.3353,-49.7269,60.82,85,6,2.21,clear sky
336,Xudat,AZ,41.631,48.681,78.51,52,0,10.02,clear sky
337,Kungsbacka,SE,57.4872,12.0761,65.05,82,7,1.99,clear sky
338,Solnechnyy,RU,50.7214,136.6319,53.2,97,98,3.89,light rain
339,Te Anau,NZ,-45.4167,167.7167,32.11,87,26,1.16,scattered clouds
340,Lebu,CL,-37.6167,-73.65,51.93,84,100,4.21,overcast clouds
341,Galesong,ID,-5.3166,119.3661,77.02,86,97,5.37,overcast clouds
342,Ovre Ardal,NO,61.3167,7.8,61.68,80,97,4.65,overcast clouds
343,Saint-Leu,RE,-21.15,55.2833,67.32,68,71,2.1,broken clouds
344,Rawson,AR,-43.3002,-65.1023,57.92,39,9,7.78,clear sky
345,Orocue,CO,4.7912,-71.3354,86.38,64,87,5.97,overcast clouds
346,Dingle,PH,10.9995,122.6711,75.56,89,83,1.01,moderate rain
347,Colon,PA,9.3592,-79.9014,79.36,84,100,5.79,overcast clouds
348,Daman,IN,20.4167,72.85,79.29,89,98,24.18,overcast clouds
349,Chambersburg,US,39.9376,-77.6611,87.08,60,30,1.99,scattered clouds
350,Tailai,CN,46.3833,123.4,59.02,77,47,5.46,scattered clouds
351,Sicuani,PE,-14.2694,-71.2261,63.41,21,48,5.12,scattered clouds
352,Mujiayingzi,CN,42.1167,118.7833,66.58,78,98,0.38,overcast clouds
353,Teya,RU,60.3778,92.6267,43.63,92,0,2.95,clear sky
354,Asyut,EG,27.181,31.1837,87.98,23,1,7.94,clear sky
355,Farmington,US,36.7281,-108.2187,93.15,24,0,6.91,clear sky
356,Shache,CN,38.4167,77.2406,82.71,42,100,10.4,overcast clouds
357,Ahipara,NZ,-35.1667,173.1667,51.42,77,34,7.25,scattered clouds
358,Ryotsu,JP,38.0833,138.4333,78.93,84,100,11.7,overcast clouds
359,Qena,EG,26.1615,32.7183,90.93,19,2,12.75,clear sky
360,Puerto Escondido,MX,15.85,-97.0667,88.63,58,40,10.36,scattered clouds
361,Udachnyy,RU,66.4167,112.4,48.45,100,100,20.87,light rain
362,Ixtapa,MX,20.7,-105.2,87.03,66,40,9.22,scattered clouds
363,Nava,MX,28.4167,-100.7667,99.7,27,31,8.66,scattered clouds
364,Nagua,DO,19.3832,-69.8474,86.31,79,20,11.5,few clouds
365,Barra Patuca,HN,15.8,-84.2833,84.27,70,3,8.03,clear sky
366,Kondinskoye,RU,59.6481,67.41,62.28,97,100,6.4,overcast clouds
367,Deputatskiy,RU,69.3,139.9,46.67,83,100,4.54,overcast clouds
368,Weligama,LK,5.9667,80.4167,77.45,91,83,7.92,broken clouds
369,Rottenburg,DE,48.4763,8.9353,70.09,60,91,2.98,overcast clouds
370,Grootfontein,NA,-19.5667,18.1167,49.57,40,0,3.44,clear sky
371,Half Moon Bay,US,37.4636,-122.4286,82.06,62,0,18.41,clear sky
372,Carutapera,BR,-1.195,-46.02,79.09,78,78,9.93,broken clouds
373,Tema,GH,5.667,-0.0166,75.54,80,99,12.17,overcast clouds
374,Manavalakurichi,IN,8.1333,77.3,78.62,80,100,15.99,overcast clouds
375,Portland,US,45.5234,-122.6762,86.58,48,0,10.36,clear sky
376,Vestmanna,FO,62.1564,-7.1664,50.92,87,75,6.91,broken clouds
377,Gigmoto,PH,13.7796,124.39,80.1,83,100,1.97,overcast clouds
378,Cururupu,BR,-1.8283,-44.8683,78.28,78,47,5.97,scattered clouds
379,Biak,ID,-0.9131,122.8766,76.08,85,98,1.32,overcast clouds
380,Ola,RU,59.5833,151.2833,57.15,86,91,1.92,overcast clouds
381,Ningxiang,CN,37.34,111.2052,70.32,90,76,5.68,broken clouds
382,Vostok,RU,46.4856,135.8833,56.19,98,81,3.42,broken clouds
383,Manggar,ID,-2.8833,108.2667,81.14,83,95,9.28,overcast clouds
384,Mildura,AU,-34.2,142.15,50.07,60,65,12.21,moderate rain
385,Clyde River,CA,70.4692,-68.5914,41.23,93,100,6.91,overcast clouds
386,Mattru,SL,7.6244,-11.8332,72.72,98,66,2.84,light rain
387,Kibala,TD,9.1104,18.3463,76.95,88,20,4.61,few clouds
388,Pulandian,CN,39.3953,121.9669,67.86,91,29,0.78,scattered clouds
389,Ulladulla,AU,-35.35,150.4667,56.84,69,100,6.02,overcast clouds
390,Gutierrez,CO,4.2547,-74.0025,63.73,67,37,6.55,scattered clouds
391,Namatanai,PG,-3.6667,152.4333,79.68,82,100,8.1,light rain
392,Champerico,GT,14.3,-91.9167,93.74,64,17,5.17,few clouds
393,Simoes,BR,-7.5989,-40.8178,83.68,23,5,6.49,clear sky
394,Atar,MR,20.5169,-13.0499,100.71,23,99,7.76,overcast clouds
395,Deblin,PL,51.5591,21.8483,65.57,28,61,6.06,broken clouds
396,Myaundzha,RU,63.0494,147.1858,55.06,84,100,1.36,overcast clouds
397,Bundaberg,AU,-24.85,152.35,57.22,99,100,1.99,overcast clouds
398,Tibiri,NE,13.5627,7.0485,73.8,79,62,10.76,light rain
399,Olenino,RU,56.2092,33.4889,56.55,69,2,1.86,clear sky
400,Aswan,EG,24.0934,32.907,96.1,20,0,9.22,clear sky
401,Riyadh,SA,24.6877,46.7219,102.34,17,11,12.64,few clouds
402,Addanki,IN,15.8167,79.9833,83.12,64,100,16.51,overcast clouds
403,Longyearbyen,SJ,78.2186,15.6401,46.24,76,75,8.05,light intensity drizzle
404,San Quintin,MX,30.4833,-115.95,77.47,68,100,11.56,overcast clouds
405,Svetlyy,RU,54.675,20.1347,59.05,74,0,7.54,clear sky
406,Bridlington,GB,54.0831,-0.1919,68.9,86,9,7.65,clear sky
407,Ust-Ishim,RU,57.6935,71.1665,57.94,79,0,4.68,clear sky
408,Kautokeino,NO,69.0125,23.0412,48.06,75,100,25.64,overcast clouds
409,Touros,BR,-5.1989,-35.4608,76.95,81,18,11.41,few clouds
410,Karachi,PK,24.9056,67.0822,80.42,94,100,6.91,drizzle
411,Mata,PT,40.683,-7.4592,68.94,67,0,4.94,light rain
412,Hovd,MN,48.0056,91.6419,63.05,52,4,2.44,clear sky
413,Dunedin,NZ,-45.8742,170.5036,37.8,77,3,3.0,clear sky
414,Luganville,VU,-15.5333,167.1667,75.27,67,83,11.48,broken clouds
415,Laguna De Perlas,NI,12.3429,-83.6712,78.89,88,100,9.89,overcast clouds
416,Acapulco,MX,16.8634,-99.8901,87.62,70,75,4.61,broken clouds
417,Kapuskasing,CA,49.4169,-82.4331,69.89,32,20,16.11,few clouds
418,Kaitangata,NZ,-46.2817,169.8464,33.94,83,11,6.17,few clouds
419,Fairbanks,US,64.8378,-147.7164,67.01,53,0,4.61,clear sky
420,Mumbwa,ZM,-14.9783,27.0619,61.59,39,0,4.76,clear sky
421,Bowen,AU,-20.0167,148.2333,63.41,85,67,8.05,broken clouds
422,Tuatapere,NZ,-46.1333,167.6833,35.82,79,3,4.79,clear sky
423,Vilhena,BR,-12.7406,-60.1458,86.22,30,0,2.3,clear sky
424,Zharkovskiy,RU,55.849,32.2697,57.09,74,0,2.21,clear sky
425,San Ignacio,BZ,17.1561,-89.0714,87.94,62,40,6.91,scattered clouds
426,Namibe,AO,-15.1961,12.1522,61.99,89,57,8.46,broken clouds
427,Canby,US,45.2629,-122.6926,86.14,48,0,5.99,clear sky
428,Havre-Saint-Pierre,CA,50.2334,-63.5986,73.76,64,20,6.91,few clouds
429,Maragogi,BR,-9.0122,-35.2225,74.66,83,9,6.53,clear sky
430,Jumla,NP,29.2747,82.1838,59.13,90,48,3.2,scattered clouds
431,Arroyo,ES,41.6096,-4.7969,86.04,32,0,4.61,clear sky
432,Tezu,IN,27.9167,96.1667,78.98,82,80,2.89,broken clouds
433,Honningsvag,NO,70.9821,25.9704,51.55,87,100,37.98,moderate rain
434,Vanimo,PG,-2.6741,141.3028,76.68,87,44,3.96,scattered clouds
435,Shush,IR,32.1942,48.2436,102.7,12,1,8.97,clear sky
436,Itarema,BR,-2.9248,-39.9167,78.22,81,91,15.88,overcast clouds
437,La Asuncion,VE,11.0333,-63.8628,89.33,58,86,13.8,overcast clouds
438,La Palma,US,33.8464,-118.0467,102.92,43,20,9.22,few clouds
439,Rognan,NO,67.0953,15.3878,51.94,36,100,6.49,overcast clouds
440,Stornoway,GB,58.2093,-6.3865,54.03,93,20,2.3,few clouds
441,Martil,MA,35.6166,-5.2752,76.96,78,75,3.44,broken clouds
442,Fort Nelson,CA,58.8053,-122.7002,56.79,77,75,2.3,broken clouds
443,Lubango,AO,-14.9172,13.4925,61.56,21,67,4.27,broken clouds
444,Shakawe,BW,-18.3667,21.85,61.86,17,0,3.76,clear sky
445,Khawhai,IN,23.3667,93.1167,59.81,99,71,1.12,broken clouds
446,Xuddur,SO,4.1213,43.8894,71.42,62,81,19.64,broken clouds
447,Lusambo,CD,-4.9667,23.45,75.25,26,100,2.26,overcast clouds
448,Houma,US,29.5958,-90.7195,84.99,83,100,5.01,overcast clouds
449,Khotiv,UA,50.3307,30.4684,72.61,86,93,7.99,overcast clouds
450,Bubaque,GW,11.2833,-15.8333,80.58,81,100,14.72,light rain
451,Bafia,CM,4.75,11.2333,68.99,99,100,2.01,light rain
452,Uyuni,BO,-20.4597,-66.825,52.65,12,0,7.96,clear sky
453,Devarkonda,IN,16.7,78.9333,76.87,77,35,16.35,scattered clouds
454,Henties Bay,NA,-22.116,14.2845,54.39,91,1,9.82,clear sky
455,Backa Palanka,RS,45.2508,19.3919,64.94,41,13,5.59,few clouds
456,Kapit,MY,2.0167,112.9333,74.95,99,99,0.67,moderate rain
457,Muniz Freire,BR,-20.4642,-41.4131,64.74,51,100,3.56,overcast clouds
458,Barletta,IT,41.3118,16.2908,77.27,62,100,9.4,light rain
459,Changzhou,CN,31.7833,119.9667,82.36,81,92,1.59,overcast clouds
460,Beirut,LB,33.8889,35.4944,81.34,74,0,4.61,clear sky
461,Hadgaon,IN,19.5,77.6667,74.5,85,69,16.13,broken clouds
462,Nabire,ID,-3.3667,135.4833,73.85,92,68,4.05,broken clouds
463,Thinadhoo,MV,0.5333,72.9333,80.94,77,6,5.1,clear sky
464,Todos Santos,MX,23.45,-110.2167,84.65,70,57,9.37,broken clouds
465,Ternate,ID,0.8,127.4,80.06,80,18,1.99,few clouds
466,Kundiawa,PG,-6.0167,144.9667,62.91,98,99,0.92,overcast clouds
467,Umm Lajj,SA,25.0213,37.2685,91.29,56,100,10.89,overcast clouds
468,Pontes E Lacerda,BR,-15.2261,-59.3353,79.84,25,0,5.66,clear sky
469,Esmeraldas,BR,-19.7625,-44.3139,77.11,37,88,4.56,overcast clouds
470,Narsaq,GL,60.9167,-46.05,57.42,79,11,4.7,few clouds
471,Lontzen,BE,50.6813,6.0071,76.24,60,7,6.46,clear sky
472,Strezhevoy,RU,60.7333,77.5889,51.85,70,79,5.93,broken clouds
473,Kabalo,CD,-6.05,26.9167,79.25,30,69,4.03,broken clouds
474,Batagay-Alyta,RU,67.8006,130.4114,49.82,79,100,6.53,overcast clouds
475,Aklavik,CA,68.2191,-135.0107,64.4,55,40,6.91,scattered clouds
476,Paamiut,GL,61.994,-49.6678,43.45,92,26,7.74,scattered clouds
477,Aitape,PG,-3.1374,142.3475,76.68,86,83,3.65,broken clouds
478,Sorong,ID,-0.8833,131.25,76.77,87,84,7.4,broken clouds
479,Broken Hill,AU,-31.95,141.4333,45.82,50,18,13.49,few clouds
480,Samana,DO,19.2056,-69.3369,86.22,79,40,6.91,scattered clouds
481,Tohana,IN,29.7,75.9,79.48,66,94,6.71,overcast clouds
482,Norrkoping,SE,58.5942,16.1826,68.99,67,11,4.61,few clouds
483,Denpasar,ID,-8.65,115.2167,80.26,88,40,12.66,scattered clouds
484,Ha Tinh,VN,18.3333,105.9,76.24,94,100,1.95,light rain
485,Mercedes,AR,-34.6515,-59.4307,64.85,51,0,7.0,clear sky
486,Khani,GE,41.9563,42.9566,67.57,92,8,2.04,clear sky
487,Mocuba,MZ,-16.8392,36.9856,64.74,88,0,2.19,clear sky
488,Rawlins,US,41.7911,-107.2387,91.29,18,20,13.8,few clouds
489,Pringsewu,ID,-5.3582,104.9744,73.47,98,27,2.71,scattered clouds
490,Inhambane,MZ,-23.865,35.3833,68.95,77,0,8.97,clear sky
491,Angoche,MZ,-16.2325,39.9086,71.91,74,0,6.87,clear sky
492,Santa Isabel Do Rio Negro,BR,-0.4139,-65.0192,85.55,65,87,2.13,overcast clouds
493,Dawlatabad,AF,36.4141,64.9053,75.47,25,0,3.44,clear sky
494,Erdenet,MN,49.0333,104.0833,53.01,88,28,2.17,scattered clouds
495,Alyangula,AU,-13.8483,136.4192,69.22,80,24,9.06,few clouds
496,Alice Springs,AU,-23.7,133.8833,35.15,100,0,8.05,clear sky
497,Crixas,BR,-14.5489,-49.9692,81.16,26,99,6.62,overcast clouds
498,Mpika,ZM,-11.8343,31.4529,55.89,53,0,4.36,clear sky
499,Nenjiang,CN,49.1833,125.2167,56.8,85,68,2.64,broken clouds
500,Delta Del Tigre,UY,-34.7633,-56.3853,61.21,55,20,10.36,few clouds
501,Kaka,TM,37.3482,59.6143,79.47,24,0,4.54,clear sky
502,Salair,RU,54.2312,85.7972,58.01,94,56,3.83,broken clouds
503,Varhaug,NO,58.6147,5.6457,62.47,87,1,5.66,clear sky
504,Bosaso,SO,11.2842,49.1816,89.01,46,89,20.4,overcast clouds
505,Lata,PT,40.1629,-8.3327,61.3,91,0,1.86,clear sky
506,Shitkino,RU,56.3703,98.3543,55.33,90,100,3.36,overcast clouds
507,Juneau,US,58.3019,-134.4197,62.6,90,100,9.22,overcast clouds
508,Fukuchiyama,JP,35.3,135.1167,77.04,96,100,4.29,light rain
509,Barabai,ID,-2.5833,115.3833,73.27,90,98,1.41,overcast clouds
510,Rocha,UY,-34.4833,-54.3333,52.79,81,0,4.94,clear sky
511,Saldanha,ZA,-33.0117,17.9442,55.45,87,100,10.2,overcast clouds
512,Faya,SA,18.3851,42.4509,66.31,74,68,4.76,broken clouds
513,Along,IN,28.1667,94.7667,75.16,98,69,0.74,broken clouds
514,Lotofaga,WS,-13.9764,-171.8578,80.38,80,15,18.43,light rain
515,Marzuq,YE,14.4,46.4667,78.69,69,100,5.3,overcast clouds
516,Mackay,AU,-21.15,149.2,57.69,82,62,6.38,broken clouds
517,Nalut,LY,30.3333,10.85,88.99,25,31,8.12,scattered clouds
518,Bazaliya,UA,49.7127,26.4733,61.48,90,99,7.34,overcast clouds
519,Dukat,RU,62.55,155.55,53.71,81,100,4.36,overcast clouds
520,Podyuga,RU,61.095,40.8647,61.9,63,100,9.93,overcast clouds
521,Caravelas,BR,-17.7125,-39.2481,73.31,71,100,11.56,overcast clouds
522,Christchurch,NZ,-43.5333,172.6333,37.42,100,7,2.3,clear sky
523,Vestmannaeyjar,IS,63.4427,-20.2734,50.58,91,100,14.88,light rain
524,Lazaro Cardenas,MX,17.9583,-102.2,84.2,69,100,5.5,overcast clouds
525,Ariquemes,BR,-9.9133,-63.0408,91.45,30,0,0.36,clear sky
526,Zyryanka,RU,65.75,150.85,66.45,59,99,5.86,overcast clouds
527,Labuhan,ID,-6.8844,112.2051,77.02,88,84,5.75,broken clouds
528,Oyem,GA,1.5995,11.5793,67.33,99,81,3.87,broken clouds
529,Piet Retief,ZA,-27.0071,30.8132,50.25,55,0,4.29,clear sky
530,Batagay,RU,67.6333,134.6333,53.02,80,92,5.75,overcast clouds
531,Ngaoundere,CM,7.3167,13.5833,63.12,98,100,2.73,overcast clouds
532,Keti Bandar,PK,24.1447,67.4497,81.45,92,100,11.97,overcast clouds
533,Trelaze,FR,47.45,-0.4667,82.72,31,0,5.75,clear sky
534,Devils Lake,US,48.1128,-98.8651,73.51,69,0,10.36,clear sky
535,Yining,CN,29.0361,114.5636,78.28,74,100,2.08,overcast clouds
536,Clarence Town,AU,-32.5833,151.7833,55.81,80,100,2.24,light rain
537,Adre,TD,13.4667,22.2,72.21,87,99,4.25,light rain
538,San Policarpo,PH,12.1791,125.5072,78.31,87,91,3.85,overcast clouds
539,Porto Walter,BR,-8.2686,-72.7439,86.9,43,7,0.47,clear sky
540,Mogocha,RU,53.7333,119.7667,52.79,97,100,1.28,overcast clouds
541,Kuusamo,FI,65.9667,29.1833,55.44,62,0,10.36,clear sky
542,Srivardhan,IN,18.0333,73.0167,79.47,87,86,20.92,overcast clouds
543,Custodia,BR,-8.0875,-37.6431,78.26,33,10,6.08,clear sky
544,Inuvik,CA,68.3499,-133.7218,63.36,48,20,10.36,few clouds
545,Muros,ES,42.7762,-9.0603,68.09,88,39,1.36,scattered clouds
546,Presidencia Roque Saenz Pena,AR,-26.7852,-60.4388,69.37,37,85,6.46,overcast clouds
547,West Bay,KY,19.3667,-81.4167,88.0,78,75,6.91,thunderstorm
548,Medina,SA,24.4686,39.6142,102.63,15,75,23.02,broken clouds
549,Tangjiazhuang,CN,39.7333,118.45,70.45,96,62,2.15,broken clouds
550,Mutoko,ZW,-17.397,32.2268,56.12,56,0,4.97,clear sky
551,Ibiruba,BR,-28.6275,-53.0897,54.81,83,4,4.76,clear sky
552,Taltal,CL,-25.4,-70.4833,59.11,74,89,4.83,overcast clouds
553,Launceston,AU,-41.45,147.1667,48.15,97,75,5.75,broken clouds
554,Sistranda,NO,63.7256,8.834,51.76,90,100,13.67,light rain
555,Turukhansk,RU,65.8167,87.9833,42.75,86,7,5.57,clear sky
556,Samarai,PG,-10.6167,150.6667,78.57,83,97,17.74,overcast clouds
557,Srandakan,ID,-7.9386,110.2506,75.94,92,69,4.14,broken clouds
558,Sobolevo,RU,54.4299,31.8996,58.57,69,0,7.34,clear sky
559,Cerrito,CO,6.8432,-72.694,60.08,82,100,3.06,overcast clouds
560,Melfi,IT,40.9965,15.6514,64.49,79,100,4.59,overcast clouds
561,Sheridan,US,44.8333,-106.9173,91.78,33,0,10.36,clear sky
562,Kokoda,PG,-8.8785,147.7407,71.94,90,69,3.42,broken clouds
563,Carauari,BR,-4.8828,-66.8958,91.18,42,79,2.15,broken clouds
564,Great Falls,US,47.5002,-111.3008,92.59,24,0,12.66,clear sky
565,Rio Rancho,US,35.2334,-106.6645,89.98,36,75,8.05,broken clouds
566,Santiago Del Estero,AR,-27.7951,-64.2615,72.27,26,100,10.67,overcast clouds
567,Terney,RU,45.0503,136.6092,65.32,90,20,6.82,few clouds
568,Praya,CV,14.9215,-23.5087,81.14,69,20,12.66,few clouds
569,Vung Tau,VN,10.346,107.0843,78.87,85,97,6.17,overcast clouds
570,Alice,US,27.7523,-98.0697,98.76,38,0,6.91,clear sky
571,Auch,FR,43.65,0.5833,79.97,44,2,5.86,clear sky
572,Camacha,PT,33.0833,-16.3333,69.22,73,20,6.91,few clouds
573,Kulhudhuffushi,MV,6.6221,73.07,81.16,80,74,13.91,broken clouds
574,Methoni,GR,36.8197,21.7049,73.26,67,20,6.02,few clouds
575,Leh,IN,34.1667,77.5833,67.33,46,100,5.66,overcast clouds
576,San Ramon,US,37.7799,-121.978,87.49,48,0,11.5,clear sky
577,Boden,SE,65.8252,21.6886,59.0,60,97,10.33,overcast clouds
578,Puerto Madero,MX,14.7208,-92.4215,89.8,66,40,0.0,scattered clouds
579,Ambilobe,MG,-13.2,49.05,64.58,73,1,5.66,clear sky
580,Camopi,GF,3.1655,-52.3158,81.63,71,90,3.85,overcast clouds
581,Mackenzie,CA,55.2999,-123.1698,77.22,41,0,5.75,clear sky
582,Oriximina,BR,-1.7656,-55.8661,89.89,41,83,2.84,broken clouds
583,Pinega,RU,64.7001,43.3936,60.33,97,100,8.39,overcast clouds
584,Waipawa,NZ,-41.4122,175.5153,41.79,86,74,1.59,broken clouds
585,Skelleftea,SE,64.7507,20.9528,59.36,70,100,11.5,overcast clouds
586,Victoria Point,AU,-27.5833,153.3,60.15,95,100,3.18,overcast clouds
587,Eydhafushi,MV,5.1033,73.0708,81.23,79,81,11.99,broken clouds
588,Daru,PG,-9.0763,143.2092,76.28,83,100,14.38,overcast clouds
589,Mbanza-Ngungu,CD,-5.25,14.8667,72.88,50,100,5.12,overcast clouds
590,Lasa,IT,46.6166,10.7002,63.03,85,99,3.2,overcast clouds
591,Haines Junction,CA,60.7522,-137.5108,56.28,82,100,3.04,overcast clouds
592,Yaan,NG,7.3833,8.5667,71.08,98,100,4.43,light rain
593,Kindu,CD,-2.95,25.95,75.38,34,76,0.81,broken clouds
594,Mahenge,TZ,-8.6833,36.7167,61.74,56,58,2.73,broken clouds
595,Saint-Pierre,RE,-21.3393,55.4781,67.91,74,0,8.05,clear sky
596,Yavaros,MX,26.7,-109.5167,95.45,53,34,9.31,scattered clouds
597,Kununurra,AU,-15.7667,128.7333,71.58,40,7,6.91,clear sky
598,Rock Sound,BS,24.9,-76.2,82.18,73,0,15.12,clear sky
599,Yovon,TJ,38.3141,69.0378,71.28,25,0,4.18,clear sky
600,Vallenar,CL,-28.5708,-70.7581,67.8,42,100,5.39,overcast clouds
601,Jacareacanga,BR,-6.2222,-57.7528,93.18,34,19,1.59,few clouds
602,Buin,CL,-33.7333,-70.75,70.12,63,0,5.57,clear sky
603,Buritizeiro,BR,-17.3511,-44.9622,70.74,34,100,5.06,overcast clouds
604,Ambovombe,MG,-25.1667,46.0833,64.11,75,0,6.11,clear sky
605,Miguel Auza,MX,24.2933,-103.4503,76.53,38,77,11.36,broken clouds
606,Black River,JM,18.0264,-77.8487,85.24,66,21,6.73,few clouds
607,Kaeo,NZ,-35.1,173.7833,45.32,97,0,5.39,clear sky
608,Sulangan,PH,11.1373,123.7228,82.89,72,100,7.25,overcast clouds
609,Quixada,BR,-4.9714,-39.0153,81.61,41,83,5.19,broken clouds
610,Phuket,TH,8.0,98.25,79.02,89,20,2.3,few clouds
611,Trinidad,BO,-14.8333,-64.9,82.38,34,0,3.44,clear sky
612,Merauke,ID,-8.4667,140.3333,75.13,83,14,12.93,few clouds
613,Hohhot,CN,40.8106,111.6522,66.49,82,0,4.47,clear sky
614,Nueva Gerona,CU,21.8833,-82.8,86.32,57,15,5.79,few clouds
615,Flin Flon,CA,54.7682,-101.865,75.04,57,100,6.91,overcast clouds
616,Sabang,ID,5.8933,95.3214,82.02,74,100,19.66,overcast clouds
617,Mayo,US,38.8876,-76.5119,89.94,50,0,5.75,clear sky
618,North Bend,US,43.4065,-124.2243,78.24,91,0,8.05,clear sky
619,Zhigansk,RU,66.7697,123.3711,48.56,75,31,22.15,scattered clouds
620,Tateyama,JP,34.9833,139.8667,79.11,85,95,19.33,overcast clouds
621,Shiyan,CN,32.6475,110.7781,78.84,81,13,0.45,few clouds
622,Iskateley,RU,67.6803,53.1512,57.94,96,100,17.69,moderate rain
623,Vila Nova De Milfontes,PT,37.7238,-8.7828,68.25,91,0,4.5,clear sky
624,Olot,ES,42.181,2.4901,79.25,65,88,6.17,overcast clouds
625,Cairns,AU,-16.9167,145.7667,69.75,78,100,8.05,overcast clouds
626,Griffin,US,33.2468,-84.2641,87.46,61,0,5.75,clear sky
627,Smidovich,RU,48.6,133.8167,58.64,89,89,3.78,overcast clouds
628,Port Augusta,AU,-32.5,137.7667,46.63,94,42,3.91,scattered clouds
629,Mogadouro,PT,41.3403,-6.7119,78.26,26,0,4.05,clear sky
630,Aguada De Pasajeros,CU,22.385,-80.8508,89.94,48,83,9.64,light rain
631,Bonfim,BR,3.0833,-59.95,85.08,65,48,3.8,scattered clouds
632,Kearney,US,40.6995,-99.0815,90.16,45,0,11.5,clear sky
633,Port Blair,IN,11.6667,92.75,80.64,83,75,3.44,mist
634,Sokoto,NG,13.0609,5.239,73.6,79,100,8.86,overcast clouds
635,Caala,AO,-12.8525,15.5606,61.16,16,4,2.95,clear sky
636,Bartow,US,27.8964,-81.8431,90.05,65,40,8.05,scattered clouds
637,Mianwali,PK,32.5741,71.5264,84.51,68,4,2.66,clear sky
638,Marystown,CA,47.1666,-55.1483,59.36,86,100,8.41,overcast clouds
639,Cassilandia,BR,-19.1133,-51.7342,66.31,41,0,5.79,clear sky
640,Egvekinot,RU,66.3167,-179.1667,48.31,90,100,4.16,overcast clouds
641,Valea Nucarilor,RO,45.0333,28.9333,72.37,50,20,11.5,few clouds
642,Martapura,ID,-3.4167,114.85,77.09,88,100,2.3,overcast clouds
643,Orzhytsya,UA,49.7918,32.7012,72.05,67,100,6.22,overcast clouds
644,Klamath Falls,US,42.2249,-121.7817,83.86,17,0,3.0,clear sky
645,Imbituba,BR,-28.24,-48.6703,61.09,93,72,5.99,broken clouds
646,Saurimo,AO,-9.6608,20.3916,65.41,21,99,4.74,overcast clouds
647,Do Gonbadan,IR,30.3586,50.7981,84.29,70,75,0.0,broken clouds
648,Novocheremshansk,RU,54.3571,50.1666,58.53,74,27,5.59,scattered clouds
649,Kawalu,ID,-7.3817,108.2082,71.56,98,67,0.13,moderate rain
650,Lamas,PE,-6.4167,-76.5333,81.07,51,42,2.39,scattered clouds
651,Palu,ID,-0.8917,119.8707,76.41,93,97,4.29,overcast clouds
652,Missoula,US,47.0166,-113.8009,85.84,31,42,4.43,scattered clouds
653,Warsaw,PL,52.2298,21.0118,69.64,76,0,3.44,light rain
654,Corning,US,42.1428,-77.0547,82.44,41,0,12.66,clear sky
655,Firovo,RU,57.4814,33.7021,56.62,75,74,3.87,broken clouds
656,Kanniyakumari,IN,8.0833,77.5667,79.59,78,100,19.93,overcast clouds
657,Liverpool,GB,53.4106,-2.9779,79.34,60,0,4.61,clear sky
658,Trairi,BR,-3.2778,-39.2689,77.76,80,82,13.27,broken clouds
659,Rivne,UA,50.6231,26.2274,60.67,92,43,7.07,scattered clouds
660,Mandalgovi,MN,45.7625,106.2708,55.71,88,100,12.1,overcast clouds
661,Belison,PH,10.8384,121.9605,77.92,83,85,3.94,overcast clouds
662,Romny,UA,50.751,33.4747,71.35,74,91,14.99,overcast clouds
663,Bedele,ET,8.456,36.353,56.21,98,100,2.42,light rain
664,Idaho Falls,US,43.4666,-112.0341,86.0,41,0,5.75,smoke
665,Susanville,US,40.4163,-120.653,87.91,17,0,8.99,clear sky
666,Veinticinco De Mayo,AR,-35.4323,-60.1727,58.12,56,0,7.65,clear sky
667,Khor,RU,47.8861,134.9464,58.84,94,78,4.27,broken clouds
668,Sao Geraldo Do Araguaia,BR,-6.4006,-48.555,91.47,28,11,0.85,few clouds
669,Kahului,US,20.8947,-156.47,87.82,53,20,17.27,few clouds
670,Beloha,MG,-25.1667,45.05,66.22,55,0,11.03,clear sky
671,Adamovka,RU,51.5223,59.9396,71.8,55,92,5.55,overcast clouds
672,Lingao,CN,19.9103,109.6859,78.75,93,99,9.93,overcast clouds
673,Muswellbrook,AU,-32.2667,150.9,52.32,93,100,2.57,light rain
674,Sigli,ID,5.3848,95.9609,78.75,81,100,5.17,overcast clouds
675,Gazanjyk,TM,39.2446,55.5154,83.68,22,0,13.2,clear sky
676,Sangar,RU,63.9242,127.4739,55.98,93,36,1.99,scattered clouds
677,Puerto Montt,CL,-41.4698,-72.9447,50.83,81,100,17.27,overcast clouds
678,Hami,CN,42.8,93.45,85.93,29,41,14.32,scattered clouds
679,Vao,NC,-22.6667,167.4833,67.96,58,16,18.7,few clouds
680,Brownwood,US,31.7093,-98.9912,99.97,30,52,12.97,broken clouds
681,Tarauaca,BR,-8.1614,-70.7656,87.15,43,42,2.04,scattered clouds
682,Seymchan,RU,62.8833,152.4333,59.72,86,100,2.82,overcast clouds
683,Novyy Urengoy,RU,66.0833,76.6333,56.71,56,100,13.69,overcast clouds
684,Baoying,CN,33.2292,119.3092,80.19,81,51,5.21,broken clouds
685,Tutoia,BR,-2.7619,-42.2744,79.23,78,20,12.62,few clouds
686,Saint-Augustin,CA,51.226,-58.6502,63.39,85,100,15.32,overcast clouds
687,Valente,BR,-11.4122,-39.4619,80.15,25,0,6.26,clear sky
688,Manokwari,ID,-0.8667,134.0833,77.95,75,45,3.96,scattered clouds
689,Pulivendla,IN,14.4167,78.2333,78.75,67,98,16.98,overcast clouds
690,Lagunas,PE,-5.2269,-75.6753,88.18,46,47,2.8,scattered clouds
691,Quang Ngai,VN,15.1167,108.8,76.44,82,78,5.08,broken clouds
692,Uhlove,UA,44.8215,33.6045,73.02,73,19,4.25,few clouds
693,Takoradi,GH,4.8845,-1.7554,74.73,84,100,8.79,overcast clouds
694,Madang,PG,-5.2246,145.7966,75.54,95,100,1.5,heavy intensity rain
695,Yarada,IN,17.65,83.2667,82.72,83,75,4.61,mist
696,Lufilufi,WS,-13.8745,-171.5986,80.38,81,23,15.79,light rain
697,Pozo Colorado,PY,-23.4923,-58.7972,71.53,38,0,5.01,clear sky
698,Meulaboh,ID,4.1363,96.1285,77.36,84,100,0.65,overcast clouds
699,Summerland,CA,49.5998,-119.6691,90.09,37,40,8.05,scattered clouds
700,Alenquer,BR,-1.9417,-54.7383,88.27,44,95,3.47,overcast clouds
701,Venado Tuerto,AR,-33.7456,-61.9688,64.76,52,2,10.02,clear sky
702,Poso,ID,-1.3959,120.7524,76.26,89,100,3.51,overcast clouds
703,Calvinia,ZA,-31.4707,19.776,50.09,70,89,7.43,overcast clouds
704,Manta,EC,-0.95,-80.7333,82.18,69,40,11.5,scattered clouds
705,Maymyo,MM,22.0333,96.4667,67.6,95,100,3.91,heavy intensity rain
706,Wuhu,CN,31.3366,118.3755,81.93,72,100,2.51,overcast clouds
707,Bay Roberts,CA,47.5999,-53.2648,61.52,86,99,3.0,overcast clouds
708,Waddan,LY,29.1614,16.139,86.22,24,0,6.35,clear sky
709,Pemba,MZ,-12.974,40.5178,74.1,83,75,5.75,broken clouds
710,Taiyuan,CN,37.8694,112.5603,73.26,88,16,2.24,few clouds
711,Sterling,US,39.0062,-77.4286,88.86,48,20,10.36,few clouds
